frame_processed,x,y,z
0,0.000000,0.000000,0.000000
1,0.000000,0.000000,0.000000
2,0.000000,0.000000,0.000000
3,0.000000,0.000000,0.000000
4,0.000000,0.000000,0.000000
5,0.000000,0.000000,0.000000
6,-0.000000,0.000001,-0.000006
7,-0.000001,0.000001,-0.000008
8,-0.000001,0.000002,-0.000009
9,-0.000001,0.000002,-0.000009
10,-0.000001,0.000002,-0.000009
11,-0.000001,0.000002,-0.000009
12,-0.000001,0.000002,-0.000009
13,-0.000001,0.000002,-0.000009
14,-0.000001,0.000002,-0.000009
15,-0.000001,0.000002,-0.000009
16,0.000004,0.000009,-0.000126
17,-0.001120,0.021780,0.008935
18,-0.001610,0.030521,0.012422
19,-0.003373,0.040527,-0.003419
20,-0.004022,0.044523,-0.009937
21,-0.004355,0.046088,-0.012252
22,-0.004487,0.046714,-0.013178
23,-0.004541,0.046965,-0.013548
24,-0.010578,0.053424,0.000982
25,-0.012994,0.056007,0.006795
26,-0.013711,0.057075,0.008392
27,-0.013999,0.057502,0.009031
28,-0.014113,0.057673,0.009287
29,-0.014159,0.057741,0.009389
30,-0.014178,0.057768,0.009430
31,-0.014185,0.057779,0.009447
32,-0.014188,0.057784,0.009453
33,-0.014189,0.057785,0.009456
34,-0.014190,0.057786,0.009457
35,-0.018741,0.059353,0.009332
36,-0.020561,0.059980,0.009281
37,-0.021289,0.060231,0.009261
38,-0.021580,0.060331,0.009252
39,-0.021696,0.060371,0.009248
40,-0.021366,0.060349,0.007758
41,-0.021235,0.060340,0.007162
42,-0.021182,0.060337,0.006924
43,-0.021161,0.060335,0.006828
44,-0.057139,0.063005,0.089239
45,-0.071530,0.064072,0.122204
46,-0.077486,0.064385,0.135993
47,-0.080028,0.064507,0.142166
48,-0.080917,0.064630,0.144335
49,-0.081273,0.064679,0.145203
50,-0.081415,0.064699,0.145550
51,-0.081472,0.064707,0.145689
52,-0.081706,0.064680,0.146322
53,-0.081800,0.064670,0.146576
54,-0.083567,0.063628,0.149714
55,-0.084274,0.063211,0.150969
56,-0.084865,0.062240,0.151438
57,-0.085092,0.061848,0.151608
58,-0.085183,0.061691,0.151677
59,-0.085220,0.061629,0.151704
60,-0.085611,0.061336,0.152826
61,-0.115377,0.083583,0.235269
62,-0.127283,0.092482,0.268246
63,-0.132046,0.096042,0.281437
64,-0.133951,0.097466,0.286713
65,-0.134713,0.098035,0.288824
66,-0.135017,0.098263,0.289668
67,-0.135793,0.098544,0.292989
68,-0.136476,0.098238,0.297505
69,-0.136749,0.098115,0.299311
70,-0.136859,0.098066,0.300034
71,-0.136902,0.098047,0.300323
72,-0.136920,0.098039,0.300439
73,-0.136927,0.098036,0.300485
74,-0.136930,0.098034,0.300503
75,-0.137503,0.097615,0.302397
76,-0.137733,0.097447,0.303155
77,-0.137525,0.097852,0.301527
78,-0.137442,0.098014,0.300876
79,-0.137825,0.097581,0.302209
80,-0.138487,0.097096,0.304459
81,-0.138752,0.096902,0.305358
82,-0.138858,0.096825,0.305718
83,-0.139114,0.096503,0.307217
84,-0.139217,0.096374,0.307816
85,-0.139258,0.096323,0.308056
86,-0.139503,0.096287,0.308840
87,-0.139601,0.096273,0.309154
88,-0.139602,0.096361,0.308717
89,-0.139603,0.096396,0.308542
90,-0.139787,0.096261,0.308980
91,-0.139860,0.096207,0.309155
92,-0.139890,0.096185,0.309226
93,-0.139901,0.096176,0.309254
94,-0.139906,0.096173,0.309265
95,-0.139908,0.096171,0.309269
96,-0.139909,0.096171,0.309271
97,-0.139909,0.096171,0.309272
98,-0.140064,0.096025,0.309916
99,-0.140125,0.095967,0.310174
100,-0.140011,0.096218,0.309120
101,-0.137091,0.092778,0.326810
102,-0.135923,0.091403,0.333886
103,-0.135456,0.090852,0.336717
104,-0.135269,0.090632,0.337849
105,-0.135194,0.090544,0.338302
106,-0.135164,0.090509,0.338483
107,-0.135152,0.090495,0.338555
108,-0.135148,0.090489,0.338584
109,-0.135150,0.090324,0.339847
110,-0.135151,0.090259,0.340352
111,-0.135152,0.090232,0.340554
112,-0.133516,0.089797,0.332151
113,-0.132862,0.089624,0.328790
114,-0.132638,0.089601,0.326794
115,-0.132549,0.089592,0.325995
116,-0.132595,0.089536,0.326008
117,-0.132415,0.089597,0.325306
118,-0.132282,0.089731,0.323841
119,-0.132554,0.089372,0.324597
120,-0.132663,0.089229,0.324900
121,-0.132707,0.089172,0.325021
122,-0.132724,0.089149,0.325069
123,-0.132731,0.089139,0.325088
124,-0.169646,0.028312,0.289328
125,-0.184198,0.004311,0.272261
126,-0.190019,-0.005289,0.265435
127,-0.192116,-0.009044,0.265710
128,-0.135327,0.039976,0.303232
129,-0.112611,0.059584,0.318241
130,-0.102082,0.069874,0.325299
131,-0.098035,0.073092,0.331444
132,-0.095133,0.076975,0.335522
133,-0.093973,0.078529,0.337153
134,-0.093509,0.079150,0.337806
135,-0.093323,0.079398,0.338067
136,-0.093249,0.079498,0.338171
137,-0.093219,0.079538,0.338213
138,-0.093207,0.079554,0.338229
139,-0.093202,0.079564,0.338261
140,-0.093200,0.079569,0.338273
141,-0.093295,0.079427,0.339871
142,-0.093333,0.079370,0.340510
143,-0.093348,0.079347,0.340765
144,-0.093354,0.079338,0.340867
145,-0.093356,0.079335,0.340908
146,-0.093357,0.079333,0.340925
147,-0.093485,0.079246,0.341956
148,-0.093732,0.079138,0.344171
149,-0.094754,0.078587,0.347991
150,-0.095162,0.078366,0.349519
151,-0.095326,0.078278,0.350131
152,-0.095391,0.078242,0.350375
153,-0.095417,0.078228,0.350473
154,-0.095428,0.078216,0.350670
155,-0.095433,0.078211,0.350748
156,-0.095434,0.078209,0.350780
157,-0.095361,0.078241,0.350190
158,-0.104471,0.084992,0.401408
159,-0.108115,0.087692,0.421895
160,-0.109573,0.088773,0.430091
161,-0.110155,0.089205,0.433370
162,-0.110389,0.089378,0.434682
163,-0.110482,0.089447,0.435206
164,-0.110519,0.089475,0.435416
165,-0.110638,0.089431,0.432234
166,-0.113635,0.087144,0.419670
167,-0.114834,0.086229,0.414646
168,-0.115313,0.085863,0.412636
169,-0.115505,0.085717,0.411832
170,-0.115582,0.085658,0.411510
171,-0.115608,0.085629,0.411356
172,-0.115974,0.085293,0.414379
173,-0.116121,0.085158,0.415589
174,-0.116179,0.085105,0.416077
175,-0.114010,0.087859,0.417849
176,-0.113142,0.088962,0.418566
177,-0.112795,0.089404,0.418852
178,-0.112656,0.089580,0.418967
179,-0.112600,0.089651,0.419014
180,-0.112578,0.089680,0.419033
181,-0.112569,0.089691,0.419041
182,-0.112565,0.089695,0.419044
183,-0.112564,0.089697,0.419045
184,-0.112563,0.089698,0.419046
185,-0.101377,0.093455,0.450621
186,-0.096903,0.094958,0.463251
187,-0.095113,0.095560,0.468303
188,-0.094398,0.095800,0.470323
189,-0.094111,0.095896,0.471132
190,-0.093996,0.095935,0.471457
191,-0.093949,0.095952,0.471588
192,-0.093930,0.095959,0.471640
193,-0.093922,0.095962,0.471662
194,-0.093919,0.095963,0.471671
195,-0.093915,0.095966,0.471690
196,-0.094707,0.093174,0.449407
197,-0.095024,0.092057,0.440493
198,-0.095150,0.091610,0.436928
199,-0.095201,0.091431,0.435502
200,-0.095453,0.093169,0.457225
201,-0.095553,0.093865,0.465915
202,-0.095594,0.094143,0.469391
203,-0.095610,0.094254,0.470781
204,-0.095616,0.094298,0.471337
205,-0.095619,0.094316,0.471560
206,-0.095620,0.094323,0.471648
207,-0.095620,0.094326,0.471684
208,-0.097402,0.092795,0.454793
209,-0.097332,0.091762,0.451482
210,-0.096536,0.091255,0.453686
211,-0.095838,0.090869,0.458264
212,-0.095558,0.090715,0.460095
213,-0.094715,0.090259,0.465535
214,-0.094377,0.090076,0.467711
215,-0.093840,0.089755,0.473811
216,-0.093626,0.089626,0.476252
217,-0.092854,0.089554,0.482803
218,-0.092545,0.089525,0.485423
219,-0.091513,0.089326,0.492377
220,-0.090270,0.089692,0.501233
221,-0.088688,0.089886,0.510808
222,-0.087378,0.090173,0.521285
223,-0.085827,0.090429,0.531581
224,-0.084641,0.090134,0.541383
225,-0.083663,0.090694,0.554137
226,-0.082720,0.091095,0.567091
227,-0.082343,0.091256,0.572272
228,-0.081870,0.092132,0.582652
229,-0.081605,0.092943,0.595678
230,-0.080918,0.093455,0.607945
231,-0.080129,0.093737,0.618817
232,-0.079350,0.093323,0.629626
233,-0.078177,0.093240,0.640371
234,-0.077966,0.092927,0.650677
235,-0.077455,0.092626,0.661689
236,-0.077598,0.093447,0.673673
237,-0.076647,0.094635,0.686091
238,-0.076267,0.095110,0.691058
239,-0.075500,0.095491,0.700011
240,-0.075267,0.095307,0.708327
241,-0.075216,0.095362,0.710851
242,-0.075195,0.095384,0.711861
243,-0.074781,0.094899,0.715958
244,-0.074676,0.094241,0.720432
245,-0.074562,0.093653,0.727035
246,-0.074575,0.093325,0.734438
247,-0.074580,0.093194,0.737399
248,-0.073838,0.093290,0.746439
249,-0.072450,0.094083,0.758120
250,-0.071920,0.094831,0.769299
251,-0.071707,0.095129,0.773770
252,-0.071353,0.094808,0.784041
253,-0.071391,0.094157,0.792090
254,-0.071760,0.095138,0.805418
255,-0.071133,0.095218,0.820270
256,-0.070035,0.096073,0.836663
257,-0.069508,0.096255,0.848243
258,-0.068521,0.096417,0.862795
259,-0.067527,0.097205,0.876138
260,-0.067591,0.097164,0.886045
261,-0.066942,0.096880,0.896200
262,-0.065499,0.097073,0.914021
263,-0.064415,0.096756,0.928451
264,-0.063616,0.096750,0.943058
265,-0.062894,0.096821,0.955306
266,-0.062605,0.096850,0.960205
267,-0.061766,0.097217,0.972163
268,-0.061479,0.096444,0.976948
269,-0.060208,0.097012,0.988215
270,-0.059699,0.097239,0.992721
271,-0.059102,0.097882,1.001969
272,-0.058863,0.098139,1.005667
273,-0.058767,0.098241,1.007147
274,-0.058729,0.098282,1.007739
275,-0.058714,0.098299,1.007976
276,-0.058707,0.098305,1.008070
277,-0.058685,0.098219,1.008892
278,-0.057061,0.097878,1.014389
279,-0.056411,0.097742,1.016588
280,-0.056151,0.097687,1.017468
281,-0.056047,0.097665,1.017820
282,-0.054538,0.097534,1.018636
283,-0.053930,0.097503,1.018673
284,-0.053686,0.097491,1.018688
285,-0.053589,0.097486,1.018694
286,-0.052979,0.098376,1.026194
287,-0.051614,0.098991,1.035919
288,-0.051345,0.099306,1.051723
289,-0.033031,0.104924,1.125797
290,-0.025706,0.107172,1.155427
291,-0.023874,0.107090,1.151492
292,-0.023086,0.106959,1.152616
293,-0.022610,0.106902,1.155616
294,-0.022372,0.106621,1.161115
295,-0.022276,0.106509,1.163315
296,-0.022070,0.106292,1.168223
297,-0.022196,0.105851,1.175229
298,-0.022246,0.105675,1.178032
299,-0.022238,0.105687,1.183913
300,-0.022234,0.105692,1.186265
301,-0.021861,0.105477,1.192248
302,-0.021456,0.105646,1.200852
303,-0.021086,0.105664,1.209535
304,-0.020211,0.103594,1.203999
305,-0.019861,0.102766,1.201785
306,-0.019689,0.102578,1.206027
307,-0.019213,0.101877,1.212194
308,-0.018911,0.101530,1.219969
309,-0.018564,0.101349,1.228722
310,-0.018431,0.101435,1.238406
311,-0.018378,0.101469,1.242280
312,-0.017933,0.101806,1.249817
313,-0.017859,0.100611,1.252976
314,-0.017459,0.100103,1.259990
315,-0.017156,0.100272,1.268405
316,-0.010800,0.114606,1.360413
317,-0.008642,0.120972,1.400411
318,-0.007778,0.123519,1.416410
319,-0.007433,0.124537,1.422810
320,-0.007680,0.124472,1.430574
321,-0.007779,0.124446,1.433678
322,-0.007953,0.124471,1.439201
323,-0.008243,0.124785,1.448473
324,-0.008801,0.125160,1.454959
325,-0.009276,0.125356,1.459498
326,-0.009466,0.125435,1.461313
327,-0.009085,0.124730,1.467287
328,-0.008933,0.124448,1.469677
329,-0.008872,0.124335,1.470633
330,-0.008732,0.124366,1.470348
331,-0.008676,0.124379,1.470235
332,-0.008654,0.124384,1.470189
333,-0.008645,0.124386,1.470171
334,-0.009781,0.125303,1.474585
335,-0.010235,0.125669,1.476350
336,-0.010327,0.125907,1.476473
337,0.023936,0.145775,1.557346
338,0.037642,0.153723,1.589695
339,0.043124,0.156902,1.602634
340,0.045316,0.158173,1.607810
341,0.046194,0.158682,1.609881
342,0.046544,0.158885,1.610709
343,0.046628,0.158891,1.612949
344,0.046662,0.158894,1.613845
345,0.046069,0.158328,1.616242
346,0.045832,0.158102,1.617200
347,0.045737,0.158011,1.617584
348,0.045699,0.157975,1.617737
349,0.045684,0.157960,1.617799
350,0.045678,0.157955,1.617823
351,0.061044,0.150992,1.564167
352,0.067191,0.148207,1.542705
353,0.069650,0.147093,1.534120
354,0.064123,0.143481,1.573966
355,0.061610,0.141920,1.591217
356,0.060605,0.141295,1.598118
357,0.060231,0.141270,1.599704
358,0.060081,0.141260,1.600339
359,0.059885,0.141142,1.601466
360,0.059188,0.143084,1.612998
361,0.058599,0.143473,1.619232
362,0.058363,0.143629,1.621726
363,0.058305,0.143706,1.622476
364,0.058239,0.143689,1.623067
365,0.058136,0.143591,1.623909
366,0.058096,0.143553,1.624246
367,0.058079,0.143537,1.624381
368,0.058073,0.143531,1.624435
369,0.058013,0.143464,1.624873
370,0.057961,0.143379,1.625332
371,0.055222,0.146888,1.639490
372,0.054144,0.148296,1.645036
373,0.053814,0.148885,1.646761
374,0.053682,0.149120,1.647450
375,0.053629,0.149215,1.647726
376,0.053608,0.149252,1.647837
377,0.053599,0.149267,1.647881
378,0.053067,0.148954,1.651344
379,0.052647,0.148700,1.653971
380,0.052479,0.148599,1.655022
381,0.052262,0.148511,1.656776
382,0.052178,0.148488,1.657535
383,0.051505,0.147961,1.663604
384,0.051236,0.147750,1.666032
385,0.051128,0.147665,1.667003
386,0.051085,0.147636,1.667416
387,0.051071,0.147626,1.667586
388,0.051065,0.147623,1.667654
389,0.051063,0.147621,1.667681
390,0.053665,0.144938,1.757614
391,0.054706,0.143864,1.793587
392,0.055124,0.143442,1.808026
393,0.055301,0.143292,1.813848
394,0.054707,0.143506,1.823722
395,0.054470,0.143591,1.827673
396,0.054394,0.143576,1.830534
397,0.054475,0.142431,1.836011
398,0.054508,0.141973,1.838202
399,0.054521,0.141789,1.839078
400,0.054526,0.141716,1.839429
401,0.053123,0.142221,1.850502
402,0.052562,0.142423,1.854931
403,0.052337,0.142504,1.856703
404,0.052248,0.142536,1.857411
405,0.052212,0.142549,1.857695
406,0.052197,0.142554,1.857808
407,0.052192,0.142556,1.857853
408,0.052189,0.142557,1.857872
409,0.052232,0.142385,1.859070
410,0.052224,0.142387,1.858730
411,0.052221,0.142388,1.858594
412,0.052220,0.142388,1.858539
413,0.052219,0.142388,1.858517
414,0.052219,0.142388,1.858509
415,0.052219,0.142388,1.858505
416,0.052400,0.141439,1.858517
417,0.052472,0.141059,1.858522
418,0.052501,0.140907,1.858524
419,0.052512,0.140846,1.858525
420,0.052517,0.140822,1.858525
421,0.052519,0.140812,1.858525
422,0.052520,0.140808,1.858525
423,0.052522,0.140821,1.858355
424,0.052318,0.140551,1.861328
425,0.052236,0.140443,1.862517
426,0.052204,0.140400,1.862993
427,0.052024,0.140264,1.867166
428,0.051953,0.140209,1.868835
429,0.052000,0.139825,1.873840
430,0.052019,0.139672,1.875842
431,0.051888,0.140139,1.882123
432,0.051958,0.140281,1.889919
433,0.052049,0.141184,1.898854
434,0.052028,0.141776,1.907690
435,0.051904,0.142064,1.915978
436,0.051842,0.141932,1.923674
437,0.051959,0.142319,1.931950
438,0.051903,0.142055,1.939878
439,0.051461,0.142611,1.949110
440,0.051175,0.143270,1.958340
441,0.050810,0.143416,1.967146
442,0.050840,0.143349,1.975910
443,0.050915,0.143345,1.978950
444,0.051125,0.143915,1.986165
445,0.051094,0.144711,1.995705
446,0.051452,0.144640,2.006596
447,0.051595,0.144611,2.010952
448,0.051652,0.144600,2.012694
449,0.050892,0.145651,2.021471
450,0.050243,0.142177,1.995713
451,0.049540,0.142505,2.033968
452,0.049259,0.142636,2.049270
453,0.048933,0.142664,2.057807
454,0.048505,0.142051,2.073078
455,0.048334,0.141806,2.079186
456,0.047936,0.141648,2.085997
457,0.047683,0.141638,2.093320
458,0.047582,0.141634,2.096250
459,0.047541,0.141633,2.097421
460,0.047855,0.141562,2.102334
461,0.047928,0.141677,2.109152
462,0.048138,0.141992,2.117404
463,0.048148,0.142461,2.125009
464,0.048049,0.142666,2.132746
465,0.048009,0.142748,2.135841
466,0.048167,0.142842,2.143811
467,0.048735,0.140401,2.147213
468,0.048663,0.140978,2.155420
469,0.048416,0.141811,2.165636
470,0.047497,0.142853,2.176301
471,0.045818,0.143757,2.189569
472,0.045087,0.140989,2.195264
473,0.045240,0.141636,2.205546
474,0.044575,0.142913,2.216486
475,0.044690,0.141597,2.221138
476,0.047188,0.144141,2.233397
477,0.048052,0.143933,2.238627
478,0.048347,0.143909,2.241565
479,0.048454,0.144967,2.248260
480,0.048497,0.145391,2.250939
481,0.048072,0.143372,2.252673
482,0.048300,0.144028,2.259163
483,0.048391,0.144291,2.261759
484,0.048150,0.145177,2.268539
485,0.047493,0.146492,2.275244
486,0.047165,0.148221,2.283098
487,0.047235,0.149693,2.292153
488,0.046768,0.150923,2.299468
489,0.046789,0.152960,2.307828
490,0.046491,0.151953,2.311788
491,0.045895,0.152128,2.316236
492,0.045839,0.153551,2.323368
493,0.046130,0.156018,2.331812
494,0.046170,0.157687,2.339459
495,0.046012,0.159315,2.346478
496,0.046266,0.162331,2.354247
497,0.046498,0.164482,2.362594
498,0.046339,0.166490,2.370074
499,0.046196,0.168139,2.377541
500,0.046166,0.169719,2.385221
501,0.046129,0.171789,2.393012
502,0.046046,0.173192,2.400292
503,0.045889,0.174514,2.407101
504,0.046045,0.175939,2.414652
505,0.045952,0.177560,2.421847
506,0.046032,0.179465,2.428972
507,0.046180,0.181713,2.436703
508,0.046293,0.183778,2.444381
509,0.046090,0.185792,2.452094
510,0.045778,0.188127,2.459992
511,0.045702,0.190385,2.468133
512,0.045531,0.192725,2.476276
513,0.045430,0.195185,2.484949
514,0.045350,0.197954,2.494389
515,0.044517,0.201159,2.504662
516,0.043972,0.203939,2.514368
517,0.043561,0.206706,2.523744
518,0.043208,0.208449,2.530153
519,0.042802,0.210452,2.538527
520,0.041992,0.212785,2.547299
521,0.041144,0.215395,2.557871
522,0.040264,0.217875,2.569413
523,0.039433,0.220848,2.581890
524,0.038403,0.223263,2.593232
525,0.037835,0.225296,2.603537
526,0.037210,0.228222,2.614277
527,0.036960,0.229716,2.620563
528,0.037323,0.231677,2.627804
529,0.037283,0.233561,2.635822
530,0.037267,0.234314,2.639029
531,0.037433,0.236146,2.646305
532,0.037236,0.237485,2.652924
533,0.037242,0.238400,2.657488
534,0.037244,0.238766,2.659314
535,0.037543,0.239668,2.662656
536,0.037259,0.240429,2.666449
537,0.036493,0.241693,2.673413
538,0.036262,0.242572,2.678657
539,0.036373,0.243898,2.685456
540,0.036250,0.245201,2.692665
541,0.036227,0.246168,2.697609
542,0.035969,0.247801,2.704463
543,0.035248,0.249558,2.712432
544,0.035099,0.250857,2.717900
545,0.034548,0.252526,2.725460
546,0.034257,0.254000,2.732184
547,0.033727,0.255741,2.740071
548,0.033597,0.257258,2.746042
549,0.033643,0.258777,2.751857
550,0.033610,0.260077,2.757398
551,0.033484,0.261291,2.762913
552,0.033478,0.262780,2.768927
553,0.033131,0.264067,2.776045
554,0.033287,0.266214,2.783961
555,0.033479,0.267953,2.791543
556,0.033352,0.269640,2.798967
557,0.033486,0.271430,2.807147
558,0.033619,0.273254,2.815791
559,0.033678,0.275065,2.824841
560,0.033732,0.277003,2.833947
561,0.033194,0.279301,2.842816
562,0.033000,0.281140,2.851931
563,0.033183,0.282567,2.860666
564,0.033367,0.284277,2.869564
565,0.033529,0.285996,2.879340
566,0.034179,0.288032,2.889839
567,0.034451,0.290770,2.901256
568,0.035031,0.292850,2.910831
569,0.035020,0.295524,2.922696
570,0.035067,0.297574,2.933089
571,0.035155,0.299051,2.941819
572,0.033730,0.301456,2.954054
573,0.032900,0.303201,2.963128
574,0.032743,0.304920,2.972847
575,0.032708,0.307006,2.982451
576,0.032712,0.309400,2.992410
577,0.032279,0.311519,3.001307
578,0.032090,0.313914,3.011820
579,0.031489,0.315740,3.020711
580,0.031215,0.318270,3.030565
581,0.030809,0.320582,3.041320
582,0.030322,0.323127,3.052474
583,0.029972,0.326380,3.063784
584,0.029995,0.329711,3.074822
585,0.029095,0.333365,3.085604
586,0.027766,0.336610,3.096138
587,0.027030,0.339837,3.106598
588,0.026645,0.342183,3.117402
589,0.026136,0.344178,3.128308
590,0.025891,0.346203,3.139252
591,0.025906,0.348773,3.147940
592,0.025603,0.351417,3.157647
593,0.025502,0.353342,3.166481
594,0.025662,0.355671,3.174740
595,0.026284,0.354082,3.178603
596,0.026095,0.355245,3.185049
597,0.025734,0.357284,3.192648
598,0.025329,0.359182,3.200766
599,0.025451,0.360665,3.209138
600,0.025155,0.362680,3.218376
601,0.025031,0.365523,3.227488
602,0.024496,0.368048,3.236727
603,0.024223,0.370098,3.245859
604,0.023691,0.373070,3.255768
605,0.023521,0.375645,3.266552
606,0.023553,0.377909,3.277585
607,0.023476,0.380992,3.288851
608,0.022674,0.384854,3.297976
609,0.022833,0.387967,3.305876
610,0.022595,0.390070,3.313596
611,0.021805,0.392346,3.324177
612,0.021520,0.394550,3.333803
613,0.020941,0.397278,3.342238
614,0.020742,0.399577,3.351116
615,0.019833,0.402652,3.360005
616,0.019820,0.405168,3.369334
617,0.020216,0.407151,3.379239
618,0.020334,0.409153,3.389018
619,0.021027,0.411431,3.399016
620,0.022086,0.414398,3.409397
621,0.021848,0.417215,3.419795
622,0.022021,0.420065,3.430669
623,0.022205,0.421464,3.438737
624,0.022592,0.424349,3.449084
625,0.022365,0.426946,3.459496
626,0.022091,0.428417,3.467460
627,0.021935,0.430017,3.475718
628,0.022197,0.431732,3.485878
629,0.022618,0.433144,3.496019
630,0.023242,0.434431,3.503419
631,0.023805,0.435867,3.510809
632,0.024673,0.437064,3.517298
633,0.025545,0.439239,3.527613
634,0.025876,0.441323,3.536924
635,0.026157,0.443419,3.545903
636,0.026255,0.445224,3.554983
637,0.026469,0.446867,3.563835
638,0.026524,0.448466,3.573116
639,0.026564,0.449846,3.582576
640,0.026450,0.451523,3.592165
641,0.026376,0.453178,3.601868
642,0.026561,0.454554,3.610583
643,0.026655,0.456587,3.619990
644,0.026577,0.458341,3.629918
645,0.026377,0.460165,3.639843
646,0.025940,0.462094,3.649524
647,0.025633,0.463966,3.659205
648,0.025492,0.465849,3.668684
649,0.025165,0.468003,3.679063
650,0.024687,0.469984,3.689717
651,0.024187,0.472591,3.701166
652,0.024324,0.474660,3.711899
653,0.024678,0.476953,3.723054
654,0.024905,0.478789,3.732211
655,0.025196,0.480326,3.740156
656,0.024957,0.481994,3.748134
657,0.025185,0.483226,3.755452
658,0.025027,0.484674,3.763179
659,0.024744,0.487223,3.772136
660,0.024842,0.488837,3.780840
661,0.024472,0.491169,3.789535
662,0.024138,0.492858,3.797779
663,0.024316,0.494118,3.806286
664,0.024482,0.495406,3.815285
665,0.024486,0.497367,3.824661
666,0.024753,0.498959,3.834112
667,0.025274,0.500470,3.843907
668,0.025582,0.502179,3.853684
669,0.026075,0.503305,3.863169
670,0.026595,0.504430,3.872636
671,0.027173,0.505189,3.882314
672,0.027818,0.506797,3.892492
673,0.028325,0.508304,3.902777
674,0.028833,0.510207,3.913284
675,0.029237,0.512293,3.924558
676,0.029306,0.515509,3.936389
677,0.029990,0.517966,3.948501
678,0.030841,0.519696,3.960271
679,0.031943,0.521537,3.971969
680,0.032525,0.524051,3.983865
681,0.034165,0.524876,3.995644
682,0.035135,0.526880,4.007781
683,0.034932,0.530269,4.019542
684,0.034943,0.533423,4.031726
685,0.035500,0.536276,4.044837
686,0.036627,0.538307,4.058513
687,0.038144,0.539994,4.072245
688,0.039261,0.541578,4.085635
689,0.041719,0.541355,4.098991
690,0.042590,0.544022,4.112338
691,0.041878,0.546892,4.127407
692,0.042491,0.548060,4.137364
693,0.043667,0.549715,4.149691
694,0.044806,0.550549,4.158676
695,0.045915,0.552311,4.170368
696,0.048116,0.553661,4.183105
697,0.044872,0.558389,4.180391
698,0.044521,0.560603,4.183374
699,0.044734,0.562090,4.188749
700,0.044819,0.562684,4.190899
701,0.045042,0.562897,4.192207
702,0.045205,0.562817,4.190161
703,0.045134,0.562390,4.186501
704,0.045634,0.562728,4.188132
705,0.046440,0.563366,4.191890
706,0.046763,0.563622,4.193393
707,0.047033,0.563772,4.196515
708,0.047539,0.563872,4.200424
709,0.048172,0.564223,4.204429
710,0.048427,0.564346,4.205982
711,0.048528,0.564395,4.206603
712,0.048569,0.564415,4.206852
713,0.048585,0.564423,4.206951
714,0.060749,0.573674,4.295685
715,0.064300,0.575992,4.322610
716,0.065720,0.576919,4.333380
717,0.069982,0.575773,4.338070
718,0.071727,0.575856,4.343555
719,0.072518,0.576166,4.348928
720,0.072834,0.576290,4.351077
721,0.075365,0.573033,4.352237
722,0.076286,0.570928,4.348893
723,0.078611,0.567331,4.348024
724,0.078846,0.565457,4.344605
725,0.078918,0.565436,4.346831
726,0.079602,0.565414,4.349927
727,0.079876,0.565406,4.351165
728,0.080099,0.564906,4.348419
729,0.080726,0.564667,4.349577
730,0.081204,0.561737,4.350213
731,0.081395,0.560565,4.350468
732,0.081603,0.559624,4.347602
733,0.081687,0.559248,4.346456
734,0.081720,0.559098,4.345998
735,0.081733,0.559037,4.345814
736,0.081739,0.559013,4.345741
737,0.081741,0.559004,4.345712
738,0.081826,0.558906,4.344203
739,0.081491,0.559351,4.346779
740,0.081408,0.559638,4.348617
741,0.094404,0.587526,4.400395
742,0.099629,0.598701,4.421611
743,0.101719,0.603171,4.430098
744,0.102555,0.604959,4.433492
745,0.102937,0.605624,4.434449
746,0.103508,0.605962,4.432074
747,0.103709,0.606159,4.431391
748,0.103790,0.606237,4.431118
749,0.103822,0.606269,4.431009
750,0.103378,0.606887,4.427808
751,0.100826,0.604561,4.444426
752,0.099641,0.607301,4.462060
753,0.099255,0.608394,4.468480
754,0.099101,0.608831,4.471048
755,0.099039,0.609006,4.472076
756,0.099014,0.609076,4.472486
757,0.099108,0.609073,4.472015
758,0.099054,0.609134,4.472605
759,0.099032,0.609159,4.472840
760,0.099301,0.608883,4.471679
761,0.099408,0.608773,4.471214
762,0.099451,0.608728,4.471028
763,0.099468,0.608711,4.470954
764,0.099476,0.608705,4.470926
765,0.098611,0.608619,4.468666
766,0.098265,0.608585,4.467761
767,0.099663,0.605683,4.467508
768,0.102248,0.605635,4.469723
769,0.104197,0.605900,4.472170
770,0.105320,0.604945,4.468769
771,0.105770,0.604564,4.467411
772,0.106403,0.599040,4.467311
773,0.108633,0.590283,4.468565
774,0.117472,0.587477,4.468809
775,0.121007,0.586354,4.468906
776,0.122421,0.585905,4.468945
777,0.129523,0.588104,4.469057
778,0.133028,0.588847,4.471673
779,0.139214,0.584028,4.474418
780,0.141905,0.582905,4.478012
781,0.149694,0.587180,4.479597
782,0.158201,0.595554,4.479784
783,0.164212,0.601272,4.487832
784,0.167949,0.604159,4.496026
785,0.170797,0.606091,4.503883
786,0.175757,0.608519,4.514673
787,0.172540,0.611429,4.525022
788,0.165370,0.613816,4.535717
789,0.169901,0.609531,4.544306
790,0.171714,0.607817,4.547742
791,0.178309,0.608511,4.558438
792,0.180947,0.608788,4.562717
793,0.188226,0.610556,4.574988
794,0.197116,0.608083,4.585366
795,0.200672,0.607094,4.589517
796,0.202094,0.606699,4.591177
797,0.196572,0.609106,4.594623
798,0.194366,0.610070,4.596006
799,0.188586,0.612147,4.597893
800,0.186287,0.612975,4.598658
801,0.185368,0.613306,4.598964
802,0.185000,0.613438,4.599087
803,0.184855,0.613509,4.599169
804,0.185722,0.613516,4.600305
805,0.183770,0.615464,4.601725
806,0.182989,0.616243,4.602293
807,0.162328,0.605096,4.557546
808,0.154064,0.600637,4.539648
809,0.148190,0.599366,4.535037
810,0.147209,0.599066,4.536128
811,0.130543,0.595335,4.504540
812,0.125714,0.594722,4.496515
813,0.125995,0.594816,4.497993
814,0.127163,0.594931,4.500694
815,0.127833,0.595009,4.502283
816,0.129527,0.595344,4.505851
817,0.133447,0.596535,4.513401
818,0.136420,0.597545,4.519779
819,0.140306,0.598715,4.527343
820,0.144110,0.600267,4.536222
821,0.147495,0.600682,4.543112
822,0.150211,0.601226,4.549105
823,0.153263,0.601791,4.555236
824,0.156415,0.602431,4.561587
825,0.158618,0.603212,4.567610
826,0.161174,0.603961,4.573672
827,0.163571,0.604543,4.579585
828,0.165737,0.605161,4.584866
829,0.168149,0.605992,4.591095
830,0.170370,0.607098,4.597333
831,0.172928,0.607853,4.603447
832,0.175340,0.608677,4.609558
833,0.178005,0.609296,4.615901
834,0.180914,0.610091,4.622378
835,0.184278,0.610923,4.629085
836,0.187589,0.611772,4.636277
837,0.190832,0.612780,4.643765
838,0.194476,0.613627,4.651365
839,0.198001,0.614424,4.659535
840,0.201043,0.615351,4.667855
841,0.203568,0.616308,4.676110
842,0.206755,0.617427,4.684628
843,0.210388,0.618413,4.693374
844,0.214589,0.619888,4.702642
845,0.218985,0.621222,4.712557
846,0.223593,0.622940,4.722836
847,0.228112,0.624798,4.733860
848,0.233165,0.626407,4.745468
849,0.240050,0.627864,4.758862
850,0.243218,0.628585,4.765614
851,0.249447,0.629299,4.780150
852,0.255722,0.629567,4.794932
853,0.262637,0.630410,4.811078
854,0.270405,0.631609,4.828710
855,0.264668,0.630109,4.821638
856,0.269333,0.632652,4.832355
857,0.271199,0.633669,4.836643
858,0.276622,0.634549,4.847117
859,0.278792,0.634901,4.851307
860,0.281296,0.634855,4.856807
861,0.282298,0.634837,4.859009
862,0.282702,0.634830,4.859893
863,0.282864,0.634828,4.860247
864,0.279174,0.636335,4.863260
865,0.280391,0.636721,4.869005
866,0.294179,0.640458,4.895010
867,0.302130,0.641409,4.910149
868,0.308031,0.641579,4.921073
869,0.313016,0.642071,4.930259
870,0.317648,0.642081,4.938961
871,0.319501,0.642084,4.942442
872,0.322798,0.641686,4.948767
873,0.326394,0.642152,4.956537
874,0.330643,0.642633,4.964548
875,0.332342,0.642825,4.967753
876,0.335660,0.643405,4.972939
877,0.340314,0.643837,4.980574
878,0.344848,0.644889,4.989554
879,0.349714,0.645112,4.998830
880,0.355627,0.645338,5.008272
881,0.361067,0.645833,5.018136
882,0.366664,0.645831,5.028195
883,0.372000,0.645942,5.038038
884,0.377232,0.646156,5.047607
885,0.382803,0.646392,5.057444
886,0.388213,0.646663,5.067499
887,0.393579,0.647164,5.077012
888,0.399969,0.647850,5.088849
889,0.405811,0.648507,5.099326
890,0.411419,0.648938,5.109436
891,0.417131,0.649521,5.119662
892,0.423144,0.650271,5.130154
893,0.429293,0.651042,5.140875
894,0.435123,0.652129,5.152061
895,0.440699,0.653758,5.163478
896,0.446554,0.655025,5.174961
897,0.452792,0.656489,5.186835
898,0.459758,0.657607,5.198360
899,0.465706,0.658847,5.210643
900,0.469488,0.659491,5.218035
901,0.472548,0.659962,5.223367
902,0.475077,0.660293,5.228015
903,0.477622,0.660628,5.232724
904,0.478379,0.660346,5.234856
905,0.479947,0.660438,5.238231
906,0.481976,0.660720,5.242276
907,0.484346,0.660918,5.246610
908,0.486791,0.661192,5.251137
909,0.489622,0.661579,5.256187
910,0.492624,0.662014,5.261619
911,0.495984,0.662380,5.267402
912,0.499530,0.662899,5.273621
913,0.503166,0.663542,5.280012
914,0.507292,0.664388,5.287107
915,0.511563,0.665185,5.294372
916,0.515798,0.665976,5.301849
917,0.519288,0.666436,5.308278
918,0.523544,0.666447,5.315118
919,0.528235,0.667058,5.323072
920,0.533105,0.667666,5.331363
921,0.538378,0.668589,5.340351
922,0.543682,0.669752,5.349798
923,0.548583,0.670649,5.358308
924,0.554517,0.672033,5.367832
925,0.558388,0.672816,5.374206
926,0.564328,0.674091,5.383891
927,0.568202,0.674756,5.390124
928,0.571215,0.675118,5.395135
929,0.573258,0.675338,5.398915
930,0.575206,0.675565,5.402342
931,0.577000,0.675944,5.406053
932,0.529073,0.665062,5.344758
933,0.511665,0.661141,5.323444
934,0.506639,0.659938,5.318187
935,0.506192,0.659592,5.318941
936,0.507476,0.659504,5.321927
937,0.509350,0.659564,5.326220
938,0.511739,0.659777,5.331334
939,0.514610,0.660094,5.337707
940,0.519293,0.660601,5.344578
941,0.523396,0.661523,5.351850
942,0.524512,0.660812,5.355637
943,0.527140,0.661148,5.360501
944,0.530149,0.661322,5.365976
945,0.534326,0.661939,5.373005
946,0.539963,0.663269,5.381279
947,0.546674,0.664950,5.389888
948,0.553521,0.666546,5.398669
949,0.560007,0.668008,5.407628
950,0.567075,0.669761,5.416937
951,0.574752,0.671109,5.426556
952,0.581607,0.672705,5.436490
953,0.587311,0.674098,5.445033
954,0.593178,0.675801,5.451392
955,0.599712,0.677471,5.457919
956,0.605845,0.678413,5.466634
957,0.611585,0.679297,5.475077
958,0.617142,0.680315,5.483807
959,0.622210,0.681123,5.492127
960,0.625855,0.681670,5.499145
961,0.629712,0.682465,5.505635
962,0.632888,0.683269,5.511755
963,0.636165,0.683870,5.518143
964,0.639975,0.684835,5.524860
965,0.644276,0.685533,5.532598
966,0.648374,0.686508,5.540470
967,0.654072,0.687692,5.549325
968,0.658673,0.688761,5.557611
969,0.664169,0.689825,5.567095
970,0.669605,0.690459,5.576737
971,0.675207,0.690937,5.586417
972,0.681118,0.691811,5.596224
973,0.687707,0.692707,5.605743
974,0.692568,0.693879,5.612747
975,0.696238,0.694832,5.619138
976,0.700129,0.695335,5.625929
977,0.704449,0.695782,5.633488
978,0.708728,0.696387,5.640684
979,0.713627,0.696824,5.648509
980,0.718028,0.697322,5.655943
981,0.722094,0.697648,5.662678
982,0.725740,0.698067,5.668942
983,0.729047,0.698339,5.674827
984,0.732921,0.698648,5.681201
985,0.736857,0.699112,5.687555
986,0.740310,0.699521,5.694242
987,0.744447,0.700043,5.701337
988,0.748964,0.700583,5.709011
989,0.753942,0.701661,5.717400
990,0.759075,0.702334,5.725634
991,0.763520,0.702876,5.733808
992,0.767596,0.703574,5.741932
993,0.771835,0.704181,5.750305
994,0.775894,0.704988,5.757732
995,0.779352,0.705441,5.764581
996,0.783511,0.705984,5.771966
997,0.787449,0.706558,5.779603
998,0.791812,0.707001,5.787284
999,0.796418,0.707348,5.795297
1000,0.800911,0.707830,5.802953
1001,0.805317,0.708247,5.810630
1002,0.810022,0.708834,5.818813
1003,0.815006,0.709339,5.827572
1004,0.819164,0.709726,5.835272
1005,0.823340,0.710264,5.842650
1006,0.827588,0.710778,5.850040
1007,0.831703,0.711358,5.857381
1008,0.835972,0.712095,5.865420
1009,0.840462,0.712670,5.873561
1010,0.845242,0.713308,5.881500
1011,0.849811,0.713699,5.889500
1012,0.853315,0.714072,5.896836
1013,0.856735,0.714434,5.903518
1014,0.861260,0.714938,5.911533
1015,0.866795,0.715662,5.920767
1016,0.871466,0.716254,5.928578
1017,0.875491,0.716889,5.935860
1018,0.878904,0.717308,5.942051
1019,0.882613,0.717738,5.948869
1020,0.886930,0.718292,5.956189
1021,0.891056,0.718946,5.963574
1022,0.894713,0.719258,5.970236
1023,0.898547,0.719507,5.976989
1024,0.902978,0.719806,5.984385
1025,0.908146,0.720281,5.992851
1026,0.913474,0.720847,6.001961
1027,0.918441,0.721075,6.010769
1028,0.922874,0.721523,6.018050
1029,0.928005,0.722032,6.027158
1030,0.932891,0.722630,6.036050
1031,0.937723,0.723045,6.044296
1032,0.942581,0.723302,6.052063
1033,0.946899,0.723594,6.059623
1034,0.951465,0.723835,6.067556
1035,0.956163,0.724135,6.075666
1036,0.960745,0.724565,6.083806
1037,0.965710,0.724894,6.092021
1038,0.970986,0.725420,6.100739
1039,0.976307,0.725995,6.109991
1040,0.981697,0.726446,6.119331
1041,0.987262,0.726806,6.129012
1042,0.992788,0.727394,6.138603
1043,0.998633,0.728131,6.148698
1044,1.004480,0.728714,6.158893
1045,1.010062,0.729277,6.168468
1046,1.014114,0.729402,6.175455
1047,1.018953,0.729555,6.183932
1048,1.022828,0.729742,6.190337
1049,1.027216,0.729836,6.197107
1050,1.031793,0.729964,6.204505
1051,1.036605,0.730280,6.212083
1052,1.041309,0.730569,6.219697
1053,1.045592,0.730681,6.226979
1054,1.050472,0.730931,6.234886
1055,1.054693,0.731666,6.242306
1056,1.059255,0.732533,6.250436
1057,1.062745,0.732811,6.257343
1058,1.066582,0.732992,6.264607
1059,1.070394,0.733244,6.271361
1060,1.073372,0.733559,6.277669
1061,1.076594,0.733725,6.284275
1062,1.080158,0.734088,6.291280
1063,1.084137,0.734390,6.298307
1064,1.088357,0.734908,6.305380
1065,1.092475,0.735445,6.312277
1066,1.095734,0.735978,6.318876
1067,1.099891,0.736641,6.326216
1068,1.104194,0.737539,6.333619
1069,1.108646,0.738218,6.340901
1070,1.113062,0.738634,6.348474
1071,1.117463,0.738913,6.355831
1072,1.121922,0.739323,6.363642
1073,1.125957,0.739792,6.371719
1074,1.130120,0.740361,6.380064
1075,1.134794,0.740665,6.388307
1076,1.139485,0.740942,6.396707
1077,1.144061,0.741852,6.404676
1078,1.148595,0.742347,6.412575
1079,1.153161,0.742572,6.420389
1080,1.158020,0.742799,6.428571
1081,1.162949,0.743162,6.436727
1082,1.167346,0.743913,6.444352
1083,1.171816,0.744348,6.451652
1084,1.175938,0.744661,6.458804
1085,1.179550,0.744666,6.465269
1086,1.183315,0.744817,6.471857
1087,1.187394,0.745130,6.479105
1088,1.191646,0.745481,6.486562
1089,1.195928,0.745678,6.493995
1090,1.199727,0.746082,6.501514
1091,1.203916,0.746495,6.509115
1092,1.208398,0.746884,6.516978
1093,1.212873,0.746755,6.525314
1094,1.217240,0.746591,6.534061
1095,1.222205,0.746676,6.542712
1096,1.227611,0.746788,6.551528
1097,1.232973,0.747411,6.560448
1098,1.238196,0.748102,6.569526
1099,1.243870,0.748802,6.579107
1100,1.249401,0.749635,6.588772
1101,1.255084,0.750426,6.599037
1102,1.260916,0.750913,6.609221
1103,1.266556,0.751323,6.619076
1104,1.272516,0.751745,6.629391
1105,1.277897,0.752184,6.639709
1106,1.284133,0.752777,6.650584
1107,1.290465,0.753262,6.661485
1108,1.297051,0.753877,6.672736
1109,1.303665,0.754312,6.683847
1110,1.310580,0.755128,6.695149
1111,1.316903,0.755865,6.706132
1112,1.321881,0.756239,6.715318
1113,1.326098,0.756530,6.723331
1114,1.330924,0.756694,6.731431
1115,1.335775,0.756758,6.739489
1116,1.341221,0.756952,6.748022
1117,1.346188,0.757159,6.756416
1118,1.351173,0.757164,6.765208
1119,1.356424,0.757625,6.774159
1120,1.361704,0.758066,6.783326
1121,1.366916,0.758233,6.792371
1122,1.372267,0.758699,6.801554
1123,1.374189,0.758369,6.805469
1124,1.377722,0.758239,6.811935
1125,1.382670,0.758681,6.820716
1126,1.389310,0.759878,6.830367
1127,1.394448,0.760305,6.838415
1128,1.400494,0.761937,6.847970
1129,1.406926,0.763323,6.857997
1130,1.412532,0.763830,6.866831
1131,1.416631,0.764225,6.873802
1132,1.418104,0.764144,6.876755
1133,1.418494,0.763746,6.878199
1134,1.423572,0.765908,6.885861
1135,1.425603,0.766772,6.888926
1136,1.428415,0.767094,6.893427
1137,1.431615,0.767527,6.898711
1138,1.435129,0.768120,6.904382
1139,1.438418,0.768528,6.910178
1140,1.441945,0.768860,6.915931
1141,1.443355,0.768992,6.918233
1142,1.446965,0.769658,6.923083
1143,1.452495,0.771246,6.931697
1144,1.453781,0.768709,6.936606
1145,1.454295,0.767694,6.938569
1146,1.456652,0.767446,6.942281
1147,1.458908,0.767464,6.945322
1148,1.459811,0.767472,6.946539
1149,1.460172,0.767475,6.947025
1150,1.460316,0.767476,6.947220
1151,1.460764,0.767439,6.947809
1152,1.461646,0.767624,6.950500
1153,1.462025,0.767699,6.951612
1154,1.462130,0.767708,6.951924
1155,1.454902,0.761263,6.943147
1156,1.452097,0.758718,6.939803
1157,1.450923,0.757688,6.938378
1158,1.450454,0.757276,6.937808
1159,1.450230,0.757103,6.937502
1160,1.450153,0.757045,6.937414
1161,1.449212,0.757044,6.936307
1162,1.404057,0.728745,6.863123
1163,1.385995,0.717426,6.833849
1164,1.378770,0.712898,6.822139
1165,1.384523,0.718433,6.851436
1166,1.386825,0.720647,6.863154
1167,1.374317,0.730682,6.872389
1168,1.369325,0.734705,6.876123
1169,1.367328,0.736314,6.877616
1170,1.364625,0.770095,6.889019
1171,1.362396,0.782707,6.888007
1172,1.361504,0.787752,6.887601
1173,1.361147,0.789769,6.887439
1174,1.360968,0.790558,6.887276
1175,1.360896,0.790873,6.887210
1176,1.360867,0.790999,6.887184
1177,1.361170,0.791137,6.887689
1178,1.361284,0.791189,6.887870
1179,1.361801,0.791326,6.888721
1180,1.371669,0.794369,6.912437
1181,1.375616,0.795586,6.921923
1182,1.377194,0.796073,6.925718
1183,1.377826,0.796267,6.927235
1184,1.378050,0.796343,6.927796
1185,1.378139,0.796374,6.928021
1186,1.378175,0.796386,6.928111
1187,1.378204,0.796390,6.928168
1188,1.378216,0.796392,6.928190
1189,1.378221,0.796392,6.928199
1190,1.380248,0.796846,6.931062
1191,1.381059,0.797027,6.932208
1192,1.383310,0.797371,6.935049
1193,1.384236,0.797512,6.936226
1194,1.387060,0.799005,6.943694
1195,1.388190,0.799602,6.946682
1196,1.388641,0.799841,6.947873
1197,1.373071,0.793044,6.904332
1198,1.365161,0.800100,6.900564
1199,1.361985,0.802918,6.899026
1200,1.360715,0.804045,6.898410
1201,1.360215,0.804497,6.898177
1202,1.348993,0.790771,6.869388
1203,1.344504,0.785281,6.857873
1204,1.342687,0.783079,6.853221
1205,1.342795,0.782592,6.853147
1206,1.341707,0.782048,6.850726
1207,1.341584,0.782003,6.850836
1208,1.341995,0.782124,6.851826
1209,1.342159,0.782173,6.852221
1210,1.342224,0.782192,6.852380
1211,1.309035,0.763886,6.770826
1212,1.295759,0.756563,6.738205
1213,1.290448,0.753634,6.725156
1214,1.288316,0.752457,6.719908
1215,1.287472,0.751989,6.717833
1216,1.287135,0.751801,6.717003
1217,1.287000,0.751726,6.716671
1218,1.286937,0.751692,6.716517
1219,1.286912,0.751679,6.716455
1220,1.286890,0.751670,6.716405
1221,1.287543,0.751906,6.717497
1222,1.287804,0.752001,6.717934
1223,1.287096,0.751669,6.716289
1224,1.286813,0.751536,6.715631
1225,1.286747,0.751501,6.715457
1226,1.286720,0.751487,6.715388
1227,1.286714,0.751486,6.715379
1228,1.286711,0.751486,6.715375
1229,1.286701,0.751482,6.715351
1230,1.286708,0.751486,6.715371
1231,1.286711,0.751487,6.715379
1232,1.286698,0.751488,6.715364
1233,1.286887,0.751555,6.715766
1234,1.282729,0.760918,6.716330
1235,1.279135,0.764601,6.713316
1236,1.277532,0.766006,6.711763
1237,1.280706,0.768567,6.718001
1238,1.281975,0.769591,6.720495
1239,1.302952,0.731867,6.687441
1240,1.311342,0.716778,6.674219
1241,1.314698,0.710742,6.668930
1242,1.315890,0.708234,6.666331
1243,1.319374,0.707194,6.669519
1244,1.320768,0.706778,6.670794
1245,1.321325,0.706612,6.671305
1246,1.321548,0.706545,6.671509
1247,1.327592,0.709879,6.680498
1248,1.330009,0.711212,6.684093
1249,1.330976,0.711746,6.685531
1250,1.331375,0.711964,6.686131
1251,1.331535,0.712051,6.686370
1252,1.331768,0.712131,6.686813
1253,1.315970,0.717116,6.684222
1254,1.309634,0.719109,6.683174
1255,1.307062,0.719899,6.682678
1256,1.306032,0.720215,6.682479
1257,1.310361,0.720191,6.688044
1258,1.309805,0.719984,6.687338
1259,1.309582,0.719902,6.687055
1260,1.309599,0.719897,6.687180
1261,1.281572,0.710498,6.649695
1262,1.270236,0.706755,6.634520
1263,1.265810,0.705312,6.628831
1264,1.263663,0.704584,6.625850
1265,1.260877,0.702346,6.621533
1266,1.259763,0.701451,6.619807
1267,1.259525,0.701149,6.619625
1268,1.259563,0.701027,6.619745
1269,1.256709,0.698659,6.613042
1270,1.255782,0.697707,6.610685
1271,1.255544,0.697341,6.609969
1272,1.255449,0.697194,6.609682
1273,1.257760,0.697993,6.613377
1274,1.258765,0.698317,6.614949
1275,1.264700,0.699902,6.623745
1276,1.267075,0.700536,6.627263
1277,1.270255,0.700816,6.631205
1278,1.271733,0.700938,6.633034
1279,1.278256,0.702557,6.642267
1280,1.280726,0.703156,6.645705
1281,1.282118,0.703384,6.647643
1282,1.282486,0.703065,6.648684
1283,1.278627,0.700475,6.642349
1284,1.277083,0.699439,6.639816
1285,1.276466,0.699025,6.638802
1286,1.276219,0.698859,6.638397
1287,1.276120,0.698793,6.638234
1288,1.275811,0.698689,6.637779
1289,1.277247,0.699246,6.640687
1290,1.278470,0.699607,6.642804
1291,1.278959,0.699752,6.643651
1292,1.279317,0.699824,6.644206
1293,1.279312,0.699304,6.644739
1294,1.279675,0.699170,6.645551
1295,1.280110,0.699179,6.646270
1296,1.284590,0.700796,6.652503
1297,1.289187,0.702211,6.659119
1298,1.294248,0.703907,6.666103
1299,1.298380,0.705218,6.672011
1300,1.285796,0.700502,6.655400
1301,1.282610,0.699159,6.651535
1302,1.283451,0.698876,6.652530
1303,1.285451,0.699147,6.655262
1304,1.288586,0.699627,6.659184
1305,1.302077,0.707228,6.678133
1306,1.307473,0.710268,6.685712
1307,1.308937,0.710126,6.689874
1308,1.314116,0.713882,6.696112
1309,1.315686,0.714236,6.699575
1310,1.321779,0.719468,6.707672
1311,1.327619,0.723051,6.715228
1312,1.333469,0.725654,6.722592
1313,1.338982,0.728024,6.729598
1314,1.344852,0.730481,6.737042
1315,1.351546,0.733184,6.744970
1316,1.354224,0.734266,6.748141
1317,1.359521,0.737649,6.755263
1318,1.365740,0.740847,6.762935
1319,1.372749,0.744532,6.772041
1320,1.380392,0.748793,6.781990
1321,1.388327,0.752696,6.792410
1322,1.396783,0.757250,6.803402
1323,1.405682,0.762813,6.815231
1324,1.408690,0.764832,6.819064
1325,1.409906,0.765639,6.820603
1326,1.416067,0.768354,6.829482
1327,1.419470,0.769751,6.834492
1328,1.422218,0.770822,6.838450
1329,1.423626,0.771470,6.840604
1330,1.427044,0.772735,6.844942
1331,1.429933,0.774052,6.849337
1332,1.435212,0.776619,6.856239
1333,1.439482,0.778680,6.861580
1334,1.443078,0.780459,6.866249
1335,1.469834,0.788273,6.889335
1336,1.484265,0.792458,6.902313
1337,1.492254,0.795052,6.910689
1338,1.497685,0.797221,6.917124
1339,1.502316,0.799230,6.922960
1340,1.506765,0.801449,6.928925
1341,1.511976,0.803684,6.935864
1342,1.517146,0.805916,6.942840
1343,1.523073,0.808125,6.950547
1344,1.528085,0.810058,6.957559
1345,1.533813,0.812322,6.965622
1346,1.539549,0.814301,6.973660
1347,1.546195,0.816528,6.982445
1348,1.553826,0.818321,6.992054
1349,1.561378,0.820857,7.002033
1350,1.568895,0.823436,7.012359
1351,1.577346,0.826132,7.023119
1352,1.586263,0.829351,7.034950
1353,1.595776,0.832573,7.046609
1354,1.606111,0.837700,7.060289
1355,1.615843,0.841985,7.073408
1356,1.628302,0.846338,7.089846
1357,1.637031,0.850601,7.102700
1358,1.639192,0.853289,7.109157
1359,1.648486,0.857991,7.121399
1360,1.653524,0.860318,7.127642
1361,1.657611,0.861992,7.132964
1362,1.658206,0.863166,7.136416
1363,1.668812,0.867962,7.148247
1364,1.675679,0.870805,7.156346
1365,1.681835,0.872984,7.163668
1366,1.687573,0.874649,7.169978
1367,1.693744,0.876705,7.177314
1368,1.699476,0.878240,7.183619
1369,1.706364,0.880999,7.192152
1370,1.713411,0.882851,7.199285
1371,1.718783,0.884743,7.205687
1372,1.722588,0.885747,7.210123
1373,1.728656,0.887348,7.216028
1374,1.734369,0.889074,7.222468
1375,1.737759,0.890022,7.226235
1376,1.746542,0.893941,7.235489
1377,1.752451,0.895808,7.241702
1378,1.759193,0.897117,7.248181
1379,1.765276,0.899083,7.255253
1380,1.771950,0.901523,7.262774
1381,1.778237,0.903465,7.269746
1382,1.784166,0.904846,7.276381
1383,1.790338,0.906313,7.283338
1384,1.796757,0.908420,7.290653
1385,1.802532,0.910841,7.298618
1386,1.808421,0.913152,7.305555
1387,1.816314,0.915563,7.314329
1388,1.822964,0.918007,7.322357
1389,1.829907,0.920143,7.330100
1390,1.836285,0.922109,7.337511
1391,1.847010,0.925137,7.349403
1392,1.854347,0.927145,7.357235
1393,1.861231,0.928516,7.364376
1394,1.868054,0.930423,7.371945
1395,1.872272,0.931504,7.376551
1396,1.875154,0.932265,7.379755
1397,1.880436,0.933672,7.385493
1398,1.884514,0.934637,7.389672
1399,1.887822,0.935531,7.393126
1400,1.891381,0.936501,7.396665
1401,1.894779,0.937610,7.400392
1402,1.898229,0.938656,7.404276
1403,1.901826,0.939627,7.408373
1404,1.905681,0.940670,7.412715
1405,1.909738,0.941833,7.417239
1406,1.914159,0.942546,7.421600
1407,1.918478,0.943336,7.426191
1408,1.922857,0.944455,7.431094
1409,1.927342,0.945664,7.436197
1410,1.932511,0.946790,7.441594
1411,1.937412,0.948264,7.446826
1412,1.942902,0.950223,7.452865
1413,1.947708,0.952250,7.458391
1414,1.953351,0.954300,7.464406
1415,1.959039,0.956106,7.470641
1416,1.964859,0.957552,7.477037
1417,1.970636,0.959106,7.483664
1418,1.976581,0.960658,7.490340
1419,1.982108,0.961908,7.496599
1420,1.987938,0.963140,7.503106
1421,1.994705,0.964542,7.509867
1422,2.001298,0.966002,7.516785
1423,2.007910,0.967612,7.523885
1424,2.014920,0.969451,7.531331
1425,2.022345,0.971422,7.539128
1426,2.029646,0.973244,7.547210
1427,2.037416,0.975244,7.555714
1428,2.045391,0.977624,7.564464
1429,2.053734,0.979981,7.573707
1430,2.062524,0.982515,7.583940
1431,2.071662,0.984803,7.594282
1432,2.081378,0.987177,7.605099
1433,2.091822,0.989656,7.616587
1434,2.102960,0.992375,7.628696
1435,2.108815,0.993744,7.635159
1436,2.118229,0.995991,7.646089
1437,2.121167,0.996781,7.649788
1438,2.130512,0.999163,7.659986
1439,2.138109,1.001165,7.668212
1440,2.145160,1.002428,7.675099
1441,2.150100,1.003343,7.680104
1442,2.156616,1.004740,7.686769
1443,2.163711,1.006795,7.694346
1444,2.169260,1.008362,7.700655
1445,2.175719,1.010357,7.708425
1446,2.182932,1.012506,7.716662
1447,2.188442,1.014435,7.723416
1448,2.195841,1.016327,7.731091
1449,2.204044,1.018069,7.739474
1450,2.212299,1.020553,7.748444
1451,2.215459,1.023503,7.753056
1452,2.218831,1.025402,7.757601
1453,2.220180,1.026161,7.759418
1454,2.220719,1.026465,7.760146
1455,2.220945,1.026588,7.760443
1456,2.223655,1.026985,7.763472
1457,2.227269,1.027830,7.767582
1458,2.228714,1.028168,7.769225
1459,2.229292,1.028303,7.769883
1460,2.232398,1.028981,7.773529
1461,2.236455,1.030036,7.778485
1462,2.241377,1.031041,7.784102
1463,2.246594,1.032424,7.789989
1464,2.249817,1.033079,7.793550
1465,2.254476,1.034030,7.798593
1466,2.260365,1.035373,7.804780
1467,2.266398,1.036833,7.811713
1468,2.272820,1.038365,7.818689
1469,2.279237,1.040206,7.826216
1470,2.286131,1.042178,7.833678
1471,2.292920,1.043756,7.841565
1472,2.300005,1.045333,7.849593
1473,2.307466,1.047098,7.857497
1474,2.313936,1.048602,7.864440
1475,2.316823,1.049253,7.867542
1476,2.317978,1.049514,7.868783
1477,2.328689,1.054341,7.880317
1478,2.332973,1.056272,7.884930
1479,2.334476,1.056994,7.886511
1480,2.340823,1.058707,7.894429
1481,2.337823,1.057460,7.889607
1482,2.336624,1.056961,7.887678
1483,2.336040,1.056749,7.886799
1484,2.335703,1.056598,7.886219
1485,2.335568,1.056538,7.885987
1486,2.335362,1.056482,7.885696
1487,2.335279,1.056460,7.885580
1488,2.347789,1.057325,7.896496
1489,2.354998,1.058410,7.903677
1490,2.358012,1.058899,7.906773
1491,2.359218,1.059095,7.908012
1492,2.360352,1.059286,7.909189
1493,2.364212,1.063117,7.927666
1494,2.366638,1.064668,7.936331
1495,2.367529,1.065249,7.939645
1496,2.367886,1.065482,7.940971
1497,2.367880,1.065573,7.941362
1498,2.367878,1.065610,7.941519
1499,2.373395,1.067347,7.949296
1500,2.365164,1.064886,7.943074
1501,2.370678,1.064080,7.948986
1502,2.386638,1.049043,7.923924
1503,2.408359,1.058355,7.961014
1504,2.422758,1.061717,7.980720
1505,2.428518,1.063062,7.988602
